link,title
/eby/npo/5765231893.html,Work for Amnesty International! Help Protect Human Rights!!!
/sfc/npo/5765020469.html,Development Director
/pen/npo/5765017541.html,Development Director
/sfc/npo/5765016472.html,Development Manager/Associate
/pen/npo/5764871445.html,Program Coordinator for At-Risk Youth Mentoring Program
/nby/npo/5764839337.html,Care provider position available
/sby/npo/5764735117.html,Advocate
/eby/npo/5764365930.html,SAVE THE BEESüêùLOCAL NONPROFIT HIRING! Earn avg of $400-650/WK
/eby/npo/5764340512.html,Executive Assistant for Progressive Organizations - Full or Part Time
/pen/npo/5764200577.html,Program Manager - Cantabile Youth Singers
/nby/npo/5763586444.html,Youth Counselor
/eby/npo/5763549987.html,Parent Child Educator - Spanish Speaking
/sby/npo/5763541804.html,Assistant Manager for Boy's Group Home
/scz/npo/5763529554.html,Community Support Facilitator
/eby/npo/5763507379.html,CASE MANAGER/ILS INSTRUCTOR
/pen/npo/5763476020.html,PROJECT COORDINATOR
/sfc/npo/5763455812.html,Mental Health Specialist_Semillias de Paz
/sfc/npo/5763437493.html,Bi-lingual Case Manager_LLC (Spanish)
/eby/npo/5763420658.html,Food Justice Community Organizer
/nby/npo/5763419950.html,Residential Treatment Evening/Weekend Supervisor
/sfc/npo/5763407343.html,Health and Wellness Coordinator
/pen/npo/5763404604.html,"Case Manager (San Mateo, CA)"
/pen/npo/5763400307.html,"Case Manager (South San Francisco, CA)"
/eby/npo/5763396901.html,Trainer
/sby/npo/5763390243.html,Independent Skills Facilitator
/sby/npo/5763387372.html,Direct Support Professional
/eby/npo/5763374754.html,Open Caregiver Positions in the East Bay!
/nby/npo/5763366995.html,Wraparound Clinician: Community-Based Program Supporting Youth!
/sfc/npo/5763365137.html,Director of Programs
/sfc/npo/5763364995.html,Visitation Counselor - Work with youth and families!
/eby/npo/5763362646.html,Behavioral Coach - Support youth in your community!
/sby/npo/5763360440.html,Clinician - Intensive Treatment Foster Care (Support youth!)
/eby/npo/5763356313.html,School Climate & Culture Specialist - School-based mental health!
/eby/npo/5763354776.html,Immediate Openings for Caregivers in the Concord Area!
/eby/npo/5763354643.html,Program Supervisor - Lead a program that supports probation youth!
/eby/npo/5763347246.html,Intervention Specialist
/eby/npo/5763342662.html,Clinician - Intensive Treatment Foster Care services for youth
/eby/npo/5763341642.html,Program Assistant/Health Information Specialist - Children's Nonprofit
/eby/npo/5763340687.html,Bilingual Program Assistant - Support a children's nonprofit!
/eby/npo/5763324054.html,Child Care Worker
/nby/npo/5763316608.html,Bilingual LCSW/LMFT/LCP ($50/hr)
/sfc/npo/5763303533.html,Core Program Director II
/sfc/npo/5763292013.html,Museum Director
/sfc/npo/5763282829.html,Property Manager (Supportive Housing)
/sfc/npo/5763279099.html,Bilingual CASE MANAGER - Shelter plus Care ($21.21 hourly)
/sfc/npo/5763273256.html,ON-CALL DESK CLERK - $14.24/hour Supportive Housing
/nby/npo/5763268840.html,Staff Therapist
/sfc/npo/5763266955.html,Transitional Housing Program Manager
/sfc/npo/5763262012.html,Housing Retention Counselor - (Drop-In Center)
/nby/npo/5763261437.html,Personal Services Coordinator
/nby/npo/5763255170.html,*Youth Counselor - Gain Experience in the Field of Social Services!
/eby/npo/5763244364.html,Swim Coach Needed for Walnut Creek Swim Club
/eby/npo/5763235920.html,Case Counselor
/sfc/npo/5763230090.html,Office Manager
/sfc/npo/5763225919.html,Case Manager - Polk Geary Senior Apartments
/sby/npo/5763202959.html,Register Voters! Earn $600+/wk - Paid Weekly!
/sfc/npo/5763186044.html,Staff Attorney- Equal Access to Healthcare Program
/eby/npo/5763168691.html,TAY Youth Advocate- Solano County
/eby/npo/5763158199.html,ILSP Specialist
/eby/npo/5763156395.html,Social Worker/Youth Advocate (Downtown Oakland)
/eby/npo/5763147446.html,Mental Health Case Manager for Youth (Solano)
/eby/npo/5763109900.html,Clinical Social Worker
/nby/npo/5763101588.html,Personal Assistant
/eby/npo/5763094466.html,STAT Relief Support Counselor - Daytime/Weekend Availability
/sby/npo/5763045560.html,Quality Management Specialist for non-profit residential provider
/sfc/npo/5763032695.html,Bilingual Case Manager (English/Spanish)
/eby/npo/5763016881.html,Grocery Rescue Program Associate
/pen/npo/5762997889.html,Line Cook (Fulltime+Great Benefits)
/scz/npo/5762979659.html,Part Time Representative Payee
/eby/npo/5762975295.html,Bilingual Program Assistant
/sfc/npo/5762926629.html,Resource Specialist - Project Homeless Connect
/eby/npo/5762922340.html,Residential Counselor -Group Home
/pen/npo/5762912033.html,Advancement Database Associate
/nby/npo/5762905433.html,DAY PROGRAM
/nby/npo/5762862457.html,Part-time Licensed Psychotherapist
/eby/npo/5762858802.html,"Senior Work Experience Counselor ""Case Manager for Young Adults"""
/eby/npo/5762855124.html,Cantonese/Mandarin Translator
/nby/npo/5762839418.html,"Administrative Assistant, part-time"
/nby/npo/5762838132.html,"Mental Health:  part-time Care Manager, Wed-Sat"
/eby/npo/5762832647.html,SavSAVE THE BEESüêùLOCAL NONPROFIT HIRING! Earn avg of $11-16/HR
/nby/npo/5762828575.html,Mental Health Relief Care Manager - On Call
/sby/npo/5762823728.html,Housing First Case Manager
/sfc/npo/5762821834.html,Maintenance Technician
/eby/npo/5762804836.html,üí™ Join the Fight for California's Waterüíß ($14-$16/hr)
/scz/npo/5762792748.html,Work with CalPIRG to Fight Factory Farms! Earn avg of $400-600/wk
/eby/npo/5762764024.html,Staff Accountant
/sfc/npo/5762763200.html,Desk Clerk
/sfc/npo/5762745936.html,Janitor - Full-time
/eby/npo/5762727848.html,‚òÖCAMPAIGN JOBS‚òÖ MAKE A POSITIVE IMPACT ON THE WORLD! - $13-$17/hour
/pen/npo/5762720911.html,Database Assistant
/nby/npo/5762700301.html,Volunteer Coordinator
/pen/npo/5762683838.html,Quality Management Program Manager
/eby/npo/5762680220.html,Blueprint Fellowship (K-12 Education) - Now Hiring in Oakland!
/nby/npo/5762665799.html,"Program Coordinator, Immigration"
/sby/npo/5762595850.html,Job Coach
/pen/npo/5762592828.html,Volunteer Coordinator
/scz/npo/5762588926.html,Community Training Instructor
/eby/npo/5762516770.html,SUPPORT PEOPLE WITH DEVELOPMENTAL DISABILITIES
/eby/npo/5762467680.html,Work for Amnesty International! Help Protect Human Rights!!!
/eby/npo/5762464119.html,Work for Amnesty International! Help Protect Human Rights!
